<?xml version="1.0" encoding="UTF-8"?>
<project-private xmlns="http://www.netbeans.org/ns/project-private/1">
    <editor-bookmarks xmlns="http://www.netbeans.org/ns/editor-bookmarks/2" lastBookmarkId="0"/>
    <open-files xmlns="http://www.netbeans.org/ns/projectui-open-files/2">
        <group>
            <file>file:/C:/Users/Tyler/Documents/NetBeansProjects/shinkle_Assignment2/src/shinkle_assignment2/Shinkle_Assignment2.java</file>
            <file>file:/C:/Users/Tyler/Documents/NetBeansProjects/shinkle_Assignment2/src/shinkle_assignment2/AboutMe.java</file>
        </group>
    </open-files>
</project-private>
