<?xml version="1.0" encoding="UTF-8"?>
<project-private xmlns="http://www.netbeans.org/ns/project-private/1">
    <editor-bookmarks xmlns="http://www.netbeans.org/ns/editor-bookmarks/2" lastBookmarkId="0"/>
    <open-files xmlns="http://www.netbeans.org/ns/projectui-open-files/2">
        <group>
            <file>file:/C:/Users/Tyler/Documents/NetBeansProjects/shinkle_VTipper/src/shinkle_vtipper/Shinkle_VTipper.java</file>
            <file>file:/C:/Users/Tyler/Documents/NetBeansProjects/shinkle_VTipper/src/shinkle_vtipper/Calculate_Tip.java</file>
            <file>file:/C:/Users/Tyler/Documents/NetBeansProjects/shinkle_VTipper/src/shinkle_vtipper/User_Interface.java</file>
        </group>
    </open-files>
</project-private>
